﻿<?xml version="1.0" encoding="UTF-8"?>
    <addon id="repository.mic" name="MiC Repository" version="1.0.1" provider-name="MiC">
        <requires>
            <import addon="xbmc.addon" version="12.0.0"/>
        </requires>
        <extension point="xbmc.addon.repository" name="MiC Repository">
            <dir>
    <info compressed="false">https://github.com/AsvpArchie/tva-common/raw/master/addons.xml</info>
        <checksum>https://github.com/AsvpArchie/tva-common/raw/master/addons.xml.md5</checksum>
        <datadir zip="true">https://github.com/AsvpArchie/tva-common/raw/master/zips/</datadir>
  </dir>
            <info compressed="false">https://github.com/MiC4Repo/repo/raw/master/_repo/addons.xml</info>
            <checksum>https://github.com/MiC4Repo/repo/raw/master/_repo/addons.xml.md5</checksum>
            <datadir zip="true">https://github.com/MiC4Repo/repo/raw/master/_repo/</datadir>
            <hashes>false</hashes>
        </extension>
        <extension point="xbmc.addon.metadata">
            <summary>MiC Repo</summary>
            <description></description>
            <platform>all</platform>
    </extension>
</addon>